,MAE,RMSE,R²
Linear Regression,2879.521324,3756.436589,0.82922477
SVM,6386.413128,9133.499346,-0.009594924
RF,2142.130435,3097.194474,0.883906019
Layer Up,2362.935407,3469.360881,0.854329467
